{
  "generated_at": "2026-05-12T20:16:07.701814+00:00",
  "dataset": {
    "total_matches": 964,
    "train_matches": 772,
    "test_matches": 192,
    "train_years": [
      1930,
      2010
    ],
    "test_years": [
      2014,
      2022
    ],
    "target_classes": [
      "teamA_win",
      "draw",
      "teamB_win"
    ]
  },
  "selected_frontend_model": "Logistic Regression",
  "probability_note": "These are model-estimated probabilities, not betting odds. Calibration may be weak because historical World Cup data is small.",
  "models": {
    "logistic_regression": {
      "model_name": "Logistic Regression",
      "accuracy": 0.3854,
      "macro_f1": 0.3693,
      "confusion_matrix": [
        [
          16,
          40,
          27
        ],
        [
          6,
          17,
          18
        ],
        [
          2,
          25,
          41
        ]
      ],
      "classification_report": {
        "teamA_win": {
          "precision": 0.6666666666666666,
          "recall": 0.1927710843373494,
          "f1-score": 0.29906542056074764,
          "support": 83.0
        },
        "draw": {
          "precision": 0.2073170731707317,
          "recall": 0.4146341463414634,
          "f1-score": 0.2764227642276423,
          "support": 41.0
        },
        "teamB_win": {
          "precision": 0.47674418604651164,
          "recall": 0.6029411764705882,
          "f1-score": 0.5324675324675324,
          "support": 68.0
        },
        "accuracy": 0.3854166666666667,
        "macro avg": {
          "precision": 0.4502426419613033,
          "recall": 0.4034488023831337,
          "f1-score": 0.36931857241864074,
          "support": 192.0
        },
        "weighted avg": {
          "precision": 0.501312177002584,
          "recall": 0.3854166666666667,
          "f1-score": 0.37689351795660203,
          "support": 192.0
        }
      }
    },
    "random_forest": {
      "model_name": "Random Forest Classifier",
      "accuracy": 0.4479,
      "macro_f1": 0.4079,
      "confusion_matrix": [
        [
          44,
          24,
          15
        ],
        [
          15,
          6,
          20
        ],
        [
          11,
          21,
          36
        ]
      ],
      "classification_report": {
        "teamA_win": {
          "precision": 0.6285714285714286,
          "recall": 0.5301204819277109,
          "f1-score": 0.5751633986928104,
          "support": 83.0
        },
        "draw": {
          "precision": 0.11764705882352941,
          "recall": 0.14634146341463414,
          "f1-score": 0.13043478260869565,
          "support": 41.0
        },
        "teamB_win": {
          "precision": 0.5070422535211268,
          "recall": 0.5294117647058824,
          "f1-score": 0.5179856115107914,
          "support": 68.0
        },
        "accuracy": 0.4479166666666667,
        "macro avg": {
          "precision": 0.4177535803053616,
          "recall": 0.4019579033494091,
          "f1-score": 0.4078612642707658,
          "support": 192.0
        },
        "weighted avg": {
          "precision": 0.47642620428453064,
          "recall": 0.4479166666666667,
          "f1-score": 0.45994484250621664,
          "support": 192.0
        }
      }
    }
  },
  "baselines": {
    "majority_class": {
      "model_name": "Majority Class Baseline",
      "accuracy": 0.4323,
      "macro_f1": 0.2012,
      "confusion_matrix": [
        [
          83,
          0,
          0
        ],
        [
          41,
          0,
          0
        ],
        [
          68,
          0,
          0
        ]
      ],
      "classification_report": {
        "teamA_win": {
          "precision": 0.4322916666666667,
          "recall": 1.0,
          "f1-score": 0.6036363636363636,
          "support": 83.0
        },
        "draw": {
          "precision": 0.0,
          "recall": 0.0,
          "f1-score": 0.0,
          "support": 41.0
        },
        "teamB_win": {
          "precision": 0.0,
          "recall": 0.0,
          "f1-score": 0.0,
          "support": 68.0
        },
        "accuracy": 0.4322916666666667,
        "macro avg": {
          "precision": 0.14409722222222224,
          "recall": 0.3333333333333333,
          "f1-score": 0.2012121212121212,
          "support": 192.0
        },
        "weighted avg": {
          "precision": 0.18687608506944445,
          "recall": 0.4322916666666667,
          "f1-score": 0.2609469696969697,
          "support": 192.0
        }
      }
    },
    "historical_strength": {
      "model_name": "Historical Strength Baseline",
      "accuracy": 0.4844,
      "macro_f1": 0.4557,
      "confusion_matrix": [
        [
          51,
          23,
          9
        ],
        [
          16,
          13,
          12
        ],
        [
          15,
          24,
          29
        ]
      ],
      "classification_report": {
        "teamA_win": {
          "precision": 0.6219512195121951,
          "recall": 0.6144578313253012,
          "f1-score": 0.6181818181818182,
          "support": 83.0
        },
        "draw": {
          "precision": 0.21666666666666667,
          "recall": 0.3170731707317073,
          "f1-score": 0.25742574257425743,
          "support": 41.0
        },
        "teamB_win": {
          "precision": 0.58,
          "recall": 0.4264705882352941,
          "f1-score": 0.4915254237288136,
          "support": 68.0
        },
        "accuracy": 0.484375,
        "macro avg": {
          "precision": 0.4728726287262872,
          "recall": 0.4526671967641009,
          "f1-score": 0.4557109948282964,
          "support": 192.0
        },
        "weighted avg": {
          "precision": 0.5205483570460704,
          "recall": 0.484375,
          "f1-score": 0.4962878915010145,
          "support": 192.0
        }
      },
      "strength_threshold": 12.0
    }
  },
  "frontend_parameters": {
    "feature_order": [
      "team_a_win_rate",
      "team_b_win_rate",
      "team_a_goals_for_per_match",
      "team_b_goals_for_per_match",
      "team_a_goals_against_per_match",
      "team_b_goals_against_per_match",
      "team_a_goal_difference_per_match",
      "team_b_goal_difference_per_match",
      "team_a_recent_form_index",
      "team_b_recent_form_index",
      "team_a_tournament_experience",
      "team_b_tournament_experience",
      "knockout_match_flag",
      "final_flag",
      "strength_difference",
      "form_difference",
      "goal_balance_difference",
      "experience_difference"
    ],
    "class_labels": [
      "draw",
      "teamA_win",
      "teamB_win"
    ],
    "scaler_mean": [
      0.44941618,
      0.38377387,
      1.76559692,
      1.51785661,
      1.50287136,
      1.65719729,
      0.26272556,
      -0.13934068,
      0.51153727,
      0.43801053,
      5.73963731,
      4.63341969,
      0.25647668,
      0.02331606,
      9.42522329,
      0.07352674,
      0.40206624,
      1.10621762
    ],
    "scaler_scale": [
      0.22133033,
      0.23963622,
      0.8166088,
      0.78995342,
      0.67430345,
      0.85532907,
      1.10771483,
      1.28383081,
      0.2245429,
      0.23720697,
      4.2210101,
      3.74014383,
      0.43668798,
      0.15090535,
      34.21548654,
      0.29136606,
      1.52544861,
      5.15979
    ],